7405550,POCHETTES,2000,300.00
7405551,IPAD,260000,10.00
7405552,IPHONE 12,160000,3.00
7405553,IPHONE 12,160000,3.00
7405554,Z Fold 3,350000,2.00
7405555, Z Fold 4,400000,4.00
7405556, Z Fold 5,695000,2.00
7405557,Z Fold 6,745000,3.00
7405558,IPHONE 15,350000,3.00
7405557,IPHONE 15,350000,3.00
7405558,  Air Pods Pro ,30000,7.00
7405559, Air Pods Pro ,30000,7.00
7405560, Air Pods Pro ,30000,7.00
7405561, PS4 PRO ,160000,7.00
7405562, PS4 PRO ,160000,7.00
7405563, PS4 PRO ,160000,7.00
7405563, PS5 PRO,30000,1.00
7405564, WIFI  ,125000,3.00
7405565, IPHONE 16 ,300000,5.00
7405566,Samsung,197998,9.00
7405567, Samsung A55 ,197997,0.00
7405568,LAPTOP_HP,299998,100.00
7405569,LAPTOP_DELL,50,300000.00
7405570,USB_64GB,40,10000.00
7405571,USB_128GB,60,15000.00
7405572,DIGITAl,1,1800000.00
7405573,PC,100,100000.00
7405575,ALAN,5,1000000000.00
7405576,qwerty,123,12.00
